url_path,views_total,views_unique
/grp-bork/nevermore_profiler,17,2
/grp-bork/nevermore_profiler/blob/main/clowm_info.json,8,1
/grp-bork/nevermore_profiler/blob/main/README.md,8,1
/grp-bork/nevermore_profiler/edit/main/README.md,8,1
/grp-bork/nevermore_profiler/tree/main/docs,8,1
/grp-bork/nevermore_profiler/blob/main/docs/usage.md,6,1
/grp-bork/nevermore_profiler/tree/main,5,1
/grp-bork/nevermore_profiler/blob/main/docs/output.md,4,1
/grp-bork/nevermore_profiler/commits/v0.13.4,4,1
/grp-bork/nevermore_profiler/edit/main/clowm_info.json,4,1
